{"accuracy": 0.7084148727984344, "roc_auc": 0.8529012345679012, "recall_stroke": 0.82}